<?xml version="1.0" encoding="UTF-8" standalone="yes"?>
<addon id="repository.newfierocket" name="NewfieRocket Repository" version="2.0.0" provider-name="NewfieRocket">
	<extension point="xbmc.addon.repository" name="NewfieRocket Repository">
		<dir>
			<info compressed="false">https://raw.githubusercontent.com/noobsandnerds/modules4all/master/zips/addons.xml</info>
			<checksum>https://raw.githubusercontent.com/noobsandnerds/modules4all/master/zips/addons.xml.md5</checksum>
			<datadir zip="true">https://raw.githubusercontent.com/noobsandnerds/modules4all/master/zips/</datadir>
		</dir>
		<info compressed="false">https://raw.githubusercontent.com/newfierocket/repository.newfierocket/master/zips/addons.xml</info>
		<checksum>https://raw.githubusercontent.com/newfierocket/repository.newfierocket/master/zips/addons.xml.md5</checksum>
		<datadir zip="true">https://raw.githubusercontent.com/newfierocket/repository.newfierocket/master/zips/</datadir>
	</extension>
	<extension point="xbmc.addon.metadata">
		<summary lang="en">A place to hold my crap.</summary>
		<description lang="en">Just to make life a little easier.</description>
		<genre></genre>
	</extension>
</addon>