<?xml version="1.0" encoding="UTF-8" standalone="yes"?>
<addon id="script.module.hostconfig" name="Host Modification" version="3.2.4" provider-name="NewfieRocket">
	<requires>
		<import addon="xbmc.python" version="2.14.0"/>
	</requires>
	<extension point="xbmc.python.script" library="default.py">
		<provides>executable</provides>
	</extension>
	<extension point="xbmc.addon.metadata">
		<platform>all</platform>
		<summary lang="en">Modify Hosts file for use with LazyMan</summary>
		<description lang="en">Modify Host</description>
		<license>GNU General Public License, v2</license>
		<language></language>
		<assets>
			<icon>icon.png</icon>
			<fanart>fanart.jpg</fanart>
		</assets>
	
	</extension>
</addon>
