<?xml version="1.0" encoding="UTF-8" standalone="yes"?>
<addon id="repository.newfierocket" name="NewfieRocket" version="2.1.0" provider-name="NewfieRocket">
	<extension point="xbmc.addon.repository" name="NewfieRocket">
		<dir>
			<info compressed="false">https://raw.githubusercontent.com/noobsandnerds/modules4all/master/zips/addons.xml</info>
			<checksum>https://raw.githubusercontent.com/noobsandnerds/modules4all/master/zips/addons.xml.md5</checksum>
			<datadir zip="true">https://raw.githubusercontent.com/noobsandnerds/modules4all/master/zips/</datadir>
		</dir>
		<info compressed="false">https://raw.githubusercontent.com/newfierocket/repository.newfierocket/master/zips/addons.xml</info>
		<checksum>https://raw.githubusercontent.com/newfierocket/repository.newfierocket/master/zips/addons.xml.md5</checksum>
		<datadir zip="true">https://raw.githubusercontent.com/newfierocket/repository.newfierocket/master/zips/</datadir>
	</extension>
	<extension point="xbmc.addon.metadata">
		<summary lang="en">Videos and things</summary>
		<description lang="en">Videos and things</description>
		<genre>movies,canadian,usa</genre>
	</extension>
</addon>