<?xml version="1.0" encoding="UTF-8" standalone="yes"?>
<addon id="plugin.video.mackdizzle" name="Mack Dizzle's Movies" version="2.0.0" provider-name="Newfie Rocket">
  <requires>
    <import addon="xbmc.python" version="2.1.0"/>
    <import addon="script.module.urlresolver" optional="true"/>
    <import addon="script.module.nanscrapers"/>
    <import addon="script.mrknow.urlresolver" version="2016.10.29.2" />
    <import addon="script.module.metahandler" version="1.0.0" />
  </requires>
  <extension point="xbmc.python.pluginsource" library="default.py">
        <provides>video</provides>
  </extension>
  <extension point="xbmc.addon.metadata">
    <summary lang="en">Movies For Mack</summary>
    <description lang="en">My First Addon, If it doesn't work forgive me</description>
    <platform>all</platform>
  </extension>
</addon>
