<item>
        <title>Arrival (2016)</title>
        <meta>
                <content>movie</content>
                <imdb>tt2543164</imdb>
                <title>Arrival (2016)</title>
                <year>2016</year>
        </meta>
        <link>
                <sublink>search</sublink>
                <sublink>searchsd</sublink>
        </link>
        <animated_thumbnail></animated_thumbnail>
        <thumbnail></thumbnail>
        <animated_fanart></animated_fanart>
        <fanart></fanart>
</item>